"id","arm","present","outcome","rank","candidates_total","candidates_offered"
"obs01","observed","1","top1","1","3","1"
"obs02","observed","1","top1","1","3","1"
"obs03","observed","1","top1","1","3","1"
"obs04","observed","1","top1","1","3","1"
"obs05","observed","1","top1","1","2","1"
"obs06","observed","1","top3","2","2","2"
"obs07","observed","1","filtered_miss","","3","0"
"obs08","observed","1","top1","1","3","1"
"obs09","observed","1","recognition_miss","","3","1"
"obs10","observed","0","correct_rejection","","2","0"
"obs11","observed","0","correct_rejection","","0","0"
"obs12","observed","0","correct_rejection","","0","0"
"gen01","tesseract","1","top1","1","3","1"
"gen02","tesseract","1","top1","1","3","1"
"gen03","tesseract","1","top1","1","3","1"
"gen04","tesseract","1","top1","1","3","1"
"gen05","tesseract","1","top1","1","3","1"
"gen06","tesseract","1","top1","1","3","1"
"gen07","tesseract","1","top1","1","3","1"
"gen08","tesseract","1","top1","1","3","1"
"gen09","tesseract","1","top1","1","3","1"
"gen10","tesseract","1","top1","1","3","1"
"gen11","tesseract","1","top1","1","3","1"
"gen12","tesseract","1","top1","1","3","1"
"gen13","tesseract","1","top1","1","2","1"
"gen14","tesseract","1","top1","1","3","2"
"gen15","tesseract","1","top3","2","4","2"
"gen16","tesseract","0","correct_rejection","","2","0"
"gen17","tesseract","0","correct_rejection","","2","0"
"gen18","tesseract","0","false_offer","","1","1"
