world_index,world,oracle_resolvable,resolved_by_uncertainty-reduction,resolved_by_nearest-unseen,resolved_by_fixed-order,resolved_by_seeded-random
0,OOSSSS,True,False,True,True,True
1,OSOSSS,True,False,True,True,False
2,OSSOSS,True,False,True,True,False
3,OSSSOS,False,False,False,False,False
4,OSSSSO,False,False,False,False,False
5,OSSSSS,True,True,False,False,False
6,SOOSSS,True,True,True,True,True
7,SOSOSS,True,True,True,True,True
8,SOSSOS,True,True,False,False,False
9,SOSSSO,True,True,False,False,False
10,SOSSSS,False,False,False,False,False
11,SSOOSS,True,True,True,True,False
12,SSOSOS,True,True,False,False,False
13,SSOSSO,True,True,False,False,False
14,SSOSSS,False,False,False,False,False
15,SSSOOS,True,True,False,False,False
16,SSSOSO,True,True,False,False,True
17,SSSOSS,False,False,False,False,False
18,SSSSOO,True,True,False,False,True
19,SSSSOS,False,False,False,False,False
20,SSSSSO,False,False,False,False,False
